course_id,course_division,slot_letter,slot_day,department_id,room_number
BT101,I,D,Monday,BT,L2
BT101,I,D,Wednesday,BT,L2
BT101,I,D,Thursday,BT,L2
BT101,I,D,Friday,BT,L2
BT101,III,D,Monday,BT,L2
BT101,III,D,Wednesday,BT,L2
BT101,III,D,Thursday,BT,L2
BT101,III,D,Friday,BT,L2
BT101,II,D1,Monday,BT,L3
BT101,II,D1,Wednesday,BT,L3
BT101,II,D1,Thursday,BT,L3
BT101,II,D1,Friday,BT,L3
BT101,IV,D1,Monday,BT,L3
BT101,IV,D1,Wednesday,BT,L3
BT101,IV,D1,Thursday,BT,L3
BT101,IV,D1,Friday,BT,L3
BT202,NA,A,Tuesday,BT,4102
BT202,NA,A,Wednesday,BT,4102
BT202,NA,A,Thursday,BT,4102
BT205,NA,C,Monday,BT,4207
BT205,NA,C,Tuesday,BT,4207
BT205,NA,C,Friday,BT,4207
BT205,NA,C,Monday,BT,4102
BT205,NA,C,Tuesday,BT,4102
BT205,NA,C,Friday,BT,4102
BT208,NA,D,Monday,BT,4102
BT208,NA,D,Wednesday,BT,4102
BT208,NA,D,Thursday,BT,4102
BT208,NA,D,Friday,BT,4102
BT302,NA,A1,Monday,BT,4207
BT302,NA,A1,Tuesday,BT,4207
BT302,NA,A1,Wednesday,BT,4207
BT302,NA,A1,Thursday,BT,4207
BT305,NA,D1,Monday,BT,4207
BT305,NA,D1,Thursday,BT,4207
BT305,NA,D1,Friday,BT,4207
BT306,NA,E1,Wednesday,BT,4207
BT306,NA,E1,Thursday,BT,4207
BT306,NA,E1,Friday,BT,4207
BT308,NA,C1,Monday,BT,4207
BT308,NA,C1,Tuesday,BT,4207
BT308,NA,C1,Friday,BT,4207
BT401,NA,E,Wednesday,BT,4207
BT401,NA,E,Thursday,BT,4207
BT401,NA,E,Friday,BT,4207
BT502,NA,E,Wednesday,BT,4210
BT502,NA,E,Thursday,BT,4210
BT502,NA,E,Friday,BT,4210
BT504,NA,A,Tuesday,BT,4210
BT504,NA,A,Wednesday,BT,4210
BT504,NA,A,Thursday,BT,4210
BT601,NA,B1,Monday,BT,4210
BT601,NA,B1,Tuesday,BT,4210
BT601,NA,B1,Wednesday,BT,4210
BT604,NA,B,Monday,BT,4210
BT604,NA,B,Tuesday,BT,4210
BT604,NA,B,Wednesday,BT,4210
BT607,NA,B,Monday,BT,4207
BT607,NA,B,Tuesday,BT,4207
BT607,NA,B,Wednesday,BT,4207
BT609,NA,D,Monday,BT,4210
BT609,NA,D,Thursday,BT,4210
BT609,NA,D,Friday,BT,4210
BT613,NA,F,Monday,BT,4210
BT613,NA,F,Wednesday,BT,4210
BT613,NA,F,Friday,BT,4210
BT616,NA,L,Tuesday,BT,4210
BT616,NA,L,Thursday,BT,4210
BT618,NA,I,Tuesday,BT,4210
BT618,NA,I,Thursday,BT,4210
BT629,NA,K,Monday,BT,4210
BT629,NA,K,Wednesday,BT,4210
BT629,NA,K,Friday,BT,4210
BT630,NA,C,Monday,BT,1006
BT630,NA,C,Tuesday,BT,1006
BT630,NA,C,Friday,BT,1006
BT632,NA,C,Monday,BT,1207
BT632,NA,C,Tuesday,BT,1207
BT632,NA,C,Friday,BT,1207
BT637,NA,K,Monday,BT,4207
BT637,NA,K,Wednesday,BT,4207
BT637,NA,K,Friday,BT,4207
CH212,NA,A,Tuesday,CH,4103
CH212,NA,A,Wednesday,CH,4103
CH212,NA,A,Thursday,CH,4103
CH222,NA,B,Monday,CH,4103
CH222,NA,B,Tuesday,CH,4103
CH222,NA,B,Wednesday,CH,4103
CH232,NA,C,Monday,CH,4103
CH232,NA,C,Tuesday,CH,4103
CH232,NA,C,Friday,CH,4103
CH233,NA,D,Monday,CH,4103
CH233,NA,D,Thursday,CH,4103
CH233,NA,D,Friday,CH,4103
CH322,NA,D1,Monday,CH,4103
CH322,NA,D1,Thursday,CH,4103
CH322,NA,D1,Friday,CH,4103
CH323,NA,A1,Tuesday,CH,4103
CH323,NA,A1,Wednesday,CH,4103
CH323,NA,A1,Thursday,CH,4103
CH333,NA,B1,Monday,CH,4103
CH333,NA,B1,Tuesday,CH,4103
CH333,NA,B1,Wednesday,CH,4103
CH411,NA,A,Monday,CH,4006
CH411,NA,A,Tuesday,CH,4006
CH411,NA,A,Wednesday,CH,4006
CH411,NA,A,Thursday,CH,4006
CH417,NA,B,Monday,CH,4104
CH417,NA,B,Tuesday,CH,4104
CH417,NA,B,Wednesday,CH,4104
CH418,NA,D,Monday,CH,4104
CH418,NA,D,Thursday,CH,4104
CH418,NA,D,Friday,CH,4104
CH419,NA,E1,Wednesday,CH,2101
CH419,NA,E1,Thursday,CH,2101
CH419,NA,E1,Friday,CH,2101
CH421,NA,B,Monday,CH,4006
CH421,NA,B,Tuesday,CH,4006
CH421,NA,B,Wednesday,CH,4006
CH421,NA,B,Friday,CH,4006
CH428,NA,E,Wednesday,CH,4104
CH428,NA,E,Thursday,CH,4104
CH428,NA,E,Friday,CH,4104
CH432,NA,C,Monday,CH,4006
CH432,NA,C,Tuesday,CH,4006
CH432,NA,C,Thursday,CH,4006
CH432,NA,C,Friday,CH,4006
CH433,NA,D,Monday,CH,4006
CH433,NA,D,Wednesday,CH,4006
CH433,NA,D,Thursday,CH,4006
CH433,NA,D,Friday,CH,4006
CH438,NA,C,Monday,CH,4005
CH438,NA,C,Tuesday,CH,4005
CH438,NA,C,Friday,CH,4005
CH501,NA,A,Tuesday,CH,3003
CH501,NA,A,Wednesday,CH,3003
CH501,NA,A,Thursday,CH,3003
CH603,NA,A,Tuesday,CH,3003
CH603,NA,A,Wednesday,CH,3003
CH603,NA,A,Thursday,CH,3003
CH611,NA,B,Monday,CH,3003
CH611,NA,B,Tuesday,CH,3003
CH611,NA,B,Wednesday,CH,3003
CH615,NA,D1,Monday,CH,4006
CH615,NA,D1,Wednesday,CH,4006
CH615,NA,D1,Thursday,CH,4006
CH615,NA,D1,Friday,CH,4006
CH617,NA,C1,Monday,CH,4006
CH617,NA,C1,Tuesday,CH,4006
CH617,NA,C1,Thursday,CH,4006
CH617,NA,C1,Friday,CH,4006
CH621,NA,C,Monday,CH,3003
CH621,NA,C,Tuesday,CH,3003
CH621,NA,C,Friday,CH,3003
CH623,NA,D,Monday,CH,3003
CH623,NA,D,Thursday,CH,3003
CH623,NA,D,Friday,CH,3003
CH625,NA,B1,Monday,CH,4006
CH625,NA,B1,Tuesday,CH,4006
CH625,NA,B1,Wednesday,CH,4006
CH625,NA,B1,Friday,CH,4006
CH630,NA,E,Wednesday,CH,3003
CH630,NA,E,Thursday,CH,3003
CH630,NA,E,Friday,CH,3003
CH637,NA,L,Tuesday,CH,4006
CH637,NA,L,Thursday,CH,4006
CH640,NA,E1,Tuesday,CH,4006
CH640,NA,E1,Wednesday,CH,4006
CH640,NA,E1,Thursday,CH,4006
CH640,NA,E1,Friday,CH,4006
CH643,NA,C,Monday,CH,4005
CH643,NA,C,Tuesday,CH,4005
CH643,NA,C,Friday,CH,4005
CL204,NA,A,Monday,CL,4203
CL204,NA,A,Tuesday,CL,4203
CL204,NA,A,Wednesday,CL,4203
CL204,NA,A,Thursday,CL,4203
CL205,NA,B,Monday,CL,4102
CL205,NA,B,Tuesday,CL,4102
CL205,NA,B,Wednesday,CL,4102
CL252M,NA,F,Monday,CL,4002
CL252M,NA,F,Wednesday,CL,4002
CL252M,NA,F,Friday,CL,4002
CL307,NA,A1,Tuesday,CL,4203
CL307,NA,A1,Wednesday,CL,4203
CL307,NA,A1,Thursday,CL,4203
CL308,NA,B1,Monday,CL,4203
CL308,NA,B1,Tuesday,CL,4203
CL308,NA,B1,Wednesday,CL,4203
CL352M,NA,G,Monday,CL,4002
CL352M,NA,G,Wednesday,CL,4002
CL352M,NA,G,Friday,CL,4002
CL401,NA,E,Tuesday,CL,4209
CL401,NA,E,Wednesday,CL,4209
CL401,NA,E,Thursday,CL,4209
CL401,NA,E,Friday,CL,4209
CL404,NA,D,Monday,CL,4209
CL404,NA,D,Thursday,CL,4209
CL404,NA,D,Friday,CL,4209
CL503,NA,A,Tuesday,CL,4209
CL503,NA,A,Wednesday,CL,4209
CL503,NA,A,Thursday,CL,4209
CL504,NA,B,Monday,CL,4209
CL504,NA,B,Tuesday,CL,4209
CL504,NA,B,Wednesday,CL,4209
CL642,NA,K,Monday,CL,4203
CL642,NA,K,Wednesday,CL,4203
CL642,NA,K,Friday,CL,4203
CL612,NA,K,Monday,CL,4203
CL612,NA,K,Wednesday,CL,4203
CL612,NA,K,Friday,CL,4203
CL614,NA,D1,Monday,CL,4209
CL614,NA,D1,Thursday,CL,4209
CL614,NA,D1,Friday,CL,4209
CL618,NA,B1,Monday,CL,4209
CL618,NA,B1,Tuesday,CL,4209
CL618,NA,B1,Wednesday,CL,4209
CL619,NA,A1,Tuesday,CL,4209
CL619,NA,A1,Wednesday,CL,4209
CL619,NA,A1,Thursday,CL,4209
CL630,NA,F,Monday,CL,4209
CL630,NA,F,Wednesday,CL,4209
CL630,NA,F,Friday,CL,4209
CL634,NA,A1,Tuesday,CL,4002
CL634,NA,A1,Wednesday,CL,4002
CL634,NA,A1,Thursday,CL,4002
CL635,NA,F,Monday,CL,4203
CL635,NA,F,Wednesday,CL,4203
CL635,NA,F,Friday,CL,4203
CL638,NA,B1,Monday,CL,4002
CL638,NA,B1,Tuesday,CL,4002
CL638,NA,B1,Wednesday,CL,4002
CS101,I,A,Monday,CS,L2
CS101,I,A,Tuesday,CS,L2
CS101,I,A,Wednesday,CS,L2
CS101,I,A,Thursday,CS,L2
CS101,III,A,Monday,CS,L2
CS101,III,A,Tuesday,CS,L2
CS101,III,A,Wednesday,CS,L2
CS101,III,A,Thursday,CS,L2
CS101,II,A1,Monday,CS,L3
CS101,II,A1,Tuesday,CS,L3
CS101,II,A1,Wednesday,CS,L3
CS101,II,A1,Thursday,CS,L3
CS101,IV,A1,Monday,CS,L3
CS101,IV,A1,Tuesday,CS,L3
CS101,IV,A1,Wednesday,CS,L3
CS101,IV,A1,Thursday,CS,L3
CS203,NA,B,Monday,CS,1201
CS203,NA,B,Tuesday,CS,1201
CS203,NA,B,Wednesday,CS,1201
CS204,NA,D,Monday,CS,1201
CS204,NA,D,Thursday,CS,1201
CS204,NA,D,Friday,CS,1201
CS206M,NA,F,Monday,CS,1201
CS206M,NA,F,Wednesday,CS,1201
CS206M,NA,F,Friday,CS,1201
CS222,NA,A,Tuesday,CS,L4
CS222,NA,A,Wednesday,CS,L4
CS222,NA,A,Thursday,CS,L4
CS242,NA,C,Monday,CS,1201
CS242,NA,C,Tuesday,CS,1201
CS242,NA,C,Friday,CS,1201
CS244,NA,G,Monday,CS,1201
CS244,NA,G,Wednesday,CS,1201
CS244,NA,G,Friday,CS,1201
CS344,NA,C1,Monday,CS,L1
CS344,NA,C1,Tuesday,CS,L1
CS344,NA,C1,Friday,CS,L1
CS346,NA,B1,Monday,CS,2204
CS346,NA,B1,Tuesday,CS,2204
CS346,NA,B1,Wednesday,CS,2204
CS348,NA,D1,Monday,CS,2203
CS348,NA,D1,Thursday,CS,2203
CS348,NA,D1,Friday,CS,2203
CS350M,NA,G,Monday,CS,2204
CS350M,NA,G,Wednesday,CS,2204
CS350M,NA,G,Friday,CS,2204
CS501,NA,E,Wednesday,CS,2001
CS501,NA,E,Thursday,CS,2001
CS501,NA,E,Friday,CS,2001
CS503,NA,A1,Tuesday,CS,2001
CS503,NA,A1,Wednesday,CS,2001
CS503,NA,A1,Thursday,CS,2001
CS525,NA,B,Monday,CS,2001
CS525,NA,B,Tuesday,CS,2001
CS525,NA,B,Wednesday,CS,2001
CS526,NA,C,Monday,CS,L4
CS526,NA,C,Tuesday,CS,L4
CS526,NA,C,Friday,CS,L4
CS549,NA,D1,Monday,CS,1201
CS549,NA,D1,Thursday,CS,1201
CS549,NA,D1,Friday,CS,1201
CS558,NA,K,Monday,CS,2204
CS558,NA,K,Wednesday,CS,2204
CS558,NA,K,Friday,CS,2204
CS561,NA,E1,Wednesday,CS,2001
CS561,NA,E1,Thursday,CS,2001
CS561,NA,E1,Friday,CS,2001
CS666,NA,D,Monday,CS,2001
CS666,NA,D,Thursday,CS,2001
CS666,NA,D,Friday,CS,2001
EN671,NA,C,Monday,EN,L1
EN671,NA,C,Tuesday,EN,L1
EN671,NA,C,Friday,EN,L1
HS203,NA,E,Wednesday,HS,1006
HS203,NA,E,Thursday,HS,1006
HS203,NA,E,Friday,HS,1006
HS212,NA,E,Wednesday,HS,1G1
HS212,NA,E,Thursday,HS,1G1
HS212,NA,E,Friday,HS,1G1
HS213,NA,E,Wednesday,HS,3202
HS213,NA,E,Thursday,HS,3202
HS213,NA,E,Friday,HS,3202
HS220,NA,E,Wednesday,HS,1207
HS220,NA,E,Thursday,HS,1207
HS220,NA,E,Friday,HS,1207
HS224,NA,E,Wednesday,HS,2101
HS224,NA,E,Thursday,HS,2101
HS224,NA,E,Friday,HS,2101
HS226,NA,E,Wednesday,HS,2102
HS226,NA,E,Thursday,HS,2102
HS226,NA,E,Friday,HS,2102
HS234,NA,E,Wednesday,HS,4001
HS234,NA,E,Thursday,HS,4001
HS234,NA,E,Friday,HS,4001
HS237,NA,E,Wednesday,HS,4005
HS237,NA,E,Thursday,HS,4005
HS237,NA,E,Friday,HS,4005
HS238,NA,E,Wednesday,HS,4G3
HS238,NA,E,Thursday,HS,4G3
HS238,NA,E,Friday,HS,4G3
HS239,NA,E,Wednesday,HS,4G4
HS239,NA,E,Thursday,HS,4G4
HS239,NA,E,Friday,HS,4G4
HS242,NA,E,Wednesday,HS,1G2
HS242,NA,E,Thursday,HS,1G2
HS242,NA,E,Friday,HS,1G2
HS243,NA,E,Wednesday,HS,L1
HS243,NA,E,Thursday,HS,L1
HS243,NA,E,Friday,HS,L1
HS406,NA,A,Tuesday,HS,1006
HS406,NA,A,Wednesday,HS,1006
HS406,NA,A,Thursday,HS,1006
HS409,NA,A,Tuesday,HS,1G1
HS409,NA,A,Wednesday,HS,1G1
HS409,NA,A,Thursday,HS,1G1
HS413,NA,A,Tuesday,HS,1G2
HS413,NA,A,Wednesday,HS,1G2
HS413,NA,A,Thursday,HS,1G2
HS414,NA,A,Tuesday,HS,3202
HS414,NA,A,Wednesday,HS,3202
HS414,NA,A,Thursday,HS,3202
HS415,NA,A,Tuesday,HS,2101
HS415,NA,A,Wednesday,HS,2101
HS415,NA,A,Thursday,HS,2101
HS420,NA,A,Tuesday,HS,2102
HS420,NA,A,Wednesday,HS,2102
HS420,NA,A,Thursday,HS,2102
HS421,NA,A,Tuesday,HS,1207
HS421,NA,A,Wednesday,HS,1207
HS421,NA,A,Thursday,HS,1207
HS422,NA,A,Tuesday,HS,L1
HS422,NA,A,Wednesday,HS,L1
HS422,NA,A,Thursday,HS,L1
HS424,NA,A,Tuesday,HS,4G3
HS424,NA,A,Wednesday,HS,4G3
HS424,NA,A,Thursday,HS,4G3
HS425,NA,A,Tuesday,HS,4G4
HS425,NA,A,Wednesday,HS,4G4
HS425,NA,A,Thursday,HS,4G4
LS621,NA,C,Monday,LS,Elective_xxxx
LS621,NA,C,Tuesday,LS,Elective_xxxx
LS621,NA,C,Friday,LS,Elective_xxxx
MA102,I,C,Monday,MA,L2
MA102,I,C,Tuesday,MA,L2
MA102,I,C,Thursday,MA,L2
MA102,I,C,Friday,MA,L2
MA102,III,C,Monday,MA,L2
MA102,III,C,Tuesday,MA,L2
MA102,III,C,Thursday,MA,L2
MA102,III,C,Friday,MA,L2
MA102,II,C1,Monday,MA,L3
MA102,II,C1,Tuesday,MA,L3
MA102,II,C1,Thursday,MA,L3
MA102,II,C1,Friday,MA,L3
MA102,IV,C1,Monday,MA,L3
MA102,IV,C1,Tuesday,MA,L3
MA102,IV,C1,Thursday,MA,L3
MA102,IV,C1,Friday,MA,L3
MA212M,NA,F,Monday,MA,1103
MA212M,NA,F,Wednesday,MA,1103
MA212M,NA,F,Friday,MA,1103
MA224,NA,D,Monday,MA,1103
MA224,NA,D,Thursday,MA,1103
MA224,NA,D,Friday,MA,1103
MA252,NA,B,Monday,MA,1103
MA252,NA,B,Tuesday,MA,1103
MA252,NA,B,Wednesday,MA,1103
MA271,NA,C,Monday,MA,1103
MA271,NA,C,Tuesday,MA,1103
MA271,NA,C,Friday,MA,1103
MA312M,NA,G,Monday,MA,1103
MA312M,NA,G,Wednesday,MA,1103
MA312M,NA,G,Friday,MA,1103
MA321,NA,A1,Tuesday,MA,2203
MA321,NA,A1,Wednesday,MA,2203
MA321,NA,A1,Thursday,MA,2203
MA351,NA,B1,Monday,MA,2203
MA351,NA,B1,Tuesday,MA,2203
MA351,NA,B1,Wednesday,MA,2203
MA373,NA,E1,Wednesday,MA,2203
MA373,NA,E1,Thursday,MA,2203
MA373,NA,E1,Friday,MA,2203
MA477,NA,E,Wednesday,MA,2203
MA477,NA,E,Thursday,MA,2203
MA477,NA,E,Friday,MA,2203
MA502,NA,D,Monday,MA,2203
MA502,NA,D,Thursday,MA,2203
MA502,NA,D,Friday,MA,2203
MA505,NA,E,Wednesday,MA,1104
MA505,NA,E,Thursday,MA,1104
MA505,NA,E,Friday,MA,1104
MA512,NA,A,Tuesday,MA,1002
MA512,NA,A,Wednesday,MA,1002
MA512,NA,A,Thursday,MA,1002
MA513,NA,C,Monday,MA,2203
MA513,NA,C,Tuesday,MA,2203
MA513,NA,C,Friday,MA,2203
MA519,NA,E,Wednesday,MA,1103
MA519,NA,E,Thursday,MA,1103
MA519,NA,E,Friday,MA,1103
MA542,NA,B,Monday,MA,1002
MA542,NA,B,Tuesday,MA,1002
MA542,NA,B,Wednesday,MA,1002
MA547,NA,D,Monday,MA,1002
MA547,NA,D,Wednesday,MA,1002
MA547,NA,D,Thursday,MA,1002
MA547,NA,D,Friday,MA,1002
MA561,NA,C1,Monday,MA,1103
MA561,NA,C1,Tuesday,MA,1103
MA561,NA,C1,Friday,MA,1103
MA571,NA,A,Tuesday,MA,2203
MA571,NA,A,Wednesday,MA,2203
MA571,NA,A,Thursday,MA,2203
MA573,NA,B,Monday,MA,2203
MA573,NA,B,Tuesday,MA,2203
MA573,NA,B,Wednesday,MA,2203
MA590,NA,C,Monday,MA,1002
MA590,NA,C,Tuesday,MA,1002
MA590,NA,C,Thursday,MA,1002
MA590,NA,C,Friday,MA,1002
MA591,NA,E,Wednesday,MA,1002
MA591,NA,E,Thursday,MA,1002
MA591,NA,E,Friday,MA,1002
MA616,NA,L,Tuesday,MA,1002
MA616,NA,L,Thursday,MA,1002
MA622,NA,D1,Monday,MA,1104
MA622,NA,D1,Thursday,MA,1104
MA622,NA,D1,Friday,MA,1104
MA625,NA,A1,Tuesday,MA,1002
MA625,NA,A1,Wednesday,MA,1002
MA625,NA,A1,Thursday,MA,1002
MA641,NA,E1,Wednesday,MA,1103
MA641,NA,E1,Thursday,MA,1103
MA641,NA,E1,Friday,MA,1103
MA642,NA,E1,Wednesday,MA,1002
MA642,NA,E1,Thursday,MA,1002
MA642,NA,E1,Friday,MA,1002
MA643,NA,C1,Monday,MA,1002
MA643,NA,C1,Tuesday,MA,1002
MA643,NA,C1,Friday,MA,1002
MA644,NA,C1,Monday,MA,1104
MA644,NA,C1,Tuesday,MA,1104
MA644,NA,C1,Friday,MA,1104
MA662,NA,B1,Monday,MA,1002
MA662,NA,B1,Tuesday,MA,1002
MA662,NA,B1,Wednesday,MA,1002
MA671,NA,D1,Monday,MA,1103
MA671,NA,D1,Thursday,MA,1103
MA671,NA,D1,Friday,MA,1103
MA685,NA,I,Tuesday,MA,1104
MA685,NA,I,Thursday,MA,1104
MA691,NA,E1,Wednesday,MA,1104
MA691,NA,E1,Thursday,MA,1104
MA691,NA,E1,Friday,MA,1104
MA746,NA,A,Tuesday,MA,1104
MA746,NA,A,Wednesday,MA,1104
MA746,NA,A,Thursday,MA,1104
MA762,NA,D1,Monday,MA,1002
MA762,NA,D1,Thursday,MA,1002
MA762,NA,D1,Friday,MA,1002
ME101,I,B,Monday,ME,L2
ME101,I,B,Tuesday,ME,L2
ME101,I,B,Wednesday,ME,L2
ME101,I,B,Friday,ME,L2
ME101,III,B,Monday,ME,L2
ME101,III,B,Tuesday,ME,L2
ME101,III,B,Wednesday,ME,L2
ME101,III,B,Friday,ME,L2
ME101,II,B1,Monday,ME,L3
ME101,II,B1,Tuesday,ME,L3
ME101,II,B1,Wednesday,ME,L3
ME101,II,B1,Friday,ME,L3
ME101,IV,B1,Monday,ME,L3
ME101,IV,B1,Tuesday,ME,L3
ME101,IV,B1,Wednesday,ME,L3
ME101,IV,B1,Friday,ME,L3
ME609,NA,C,Monday,ME,1G2
ME609,NA,C,Tuesday,ME,1G2
ME609,NA,C,Friday,ME,1G2
PH102,I,E,Tuesday,PH,L2
PH102,I,E,Wednesday,PH,L2
PH102,I,E,Thursday,PH,L2
PH102,I,E,Friday,PH,L2
PH102,III,E,Tuesday,PH,L2
PH102,III,E,Wednesday,PH,L2
PH102,III,E,Thursday,PH,L2
PH102,III,E,Friday,PH,L2
PH102,II,E1,Tuesday,PH,L3
PH102,II,E1,Wednesday,PH,L3
PH102,II,E1,Thursday,PH,L3
PH102,II,E1,Friday,PH,L3
PH102,IV,E1,Tuesday,PH,L3
PH102,IV,E1,Wednesday,PH,L3
PH102,IV,E1,Thursday,PH,L3
PH102,IV,E1,Friday,PH,L3
EE230,NA,D,Thursday,EE,2002
EE230,NA,D,Thursday,EE,2201
EE230,NA,D,Thursday,EE,2202
EE230,NA,D,Thursday,EE,3101
EE230,NA,D,Thursday,EE,4101
EE230,NA,D,Monday,EE,2002
EE230,NA,D,Monday,EE,2201
EE230,NA,D,Monday,EE,2202
EE230,NA,D,Monday,EE,3101
EE230,NA,D,Monday,EE,4101
EE230,NA,D,Friday,EE,2002
EE230,NA,D,Friday,EE,2201
EE230,NA,D,Friday,EE,2202
EE230,NA,D,Friday,EE,3101
EE230,NA,D,Friday,EE,4101
EE230,NA,A,Monday,EE,2002
EE230,NA,A,Monday,EE,2201
EE230,NA,A,Monday,EE,2202
EE230,NA,A,Monday,EE,3101
EE230,NA,A,Monday,EE,4101
HS621,NA,D,Wednesday,HS,1102
HS621,NA,E1,Friday,HS,1102
HS621,NA,A,Monday,HS,1102
ME615,NA,E,Tuesday,ME,1003
ME615,NA,D,Wednesday,ME,1003
ME615,NA,A,Monday,ME,1003
ME688,NA,E,Tuesday,ME,1005
ME688,NA,D,Wednesday,ME,1005
ME688,NA,A,Monday,ME,1005
ME686,NA,E,Tuesday,ME,1004
ME686,NA,D,Wednesday,ME,1004
ME686,NA,A,Monday,ME,1004
ME695,NA,E,Tuesday,ME,xxxx
ME695,NA,D,Wednesday,ME,xxxx
ME695,NA,A,Monday,ME,xxxx
EE525,NA,B,Monday,EE,2002
EE525,NA,A,Tuesday,EE,2002
EE525,NA,E,Friday,EE,2002
EE221,NA,B,Tuesday,EE,2002
EE221,NA,B,Tuesday,EE,2201
EE221,NA,B,Tuesday,EE,2202
EE221,NA,B,Tuesday,EE,3101
EE221,NA,B,Tuesday,EE,4101
EE221,NA,B,Wednesday,EE,2002
EE221,NA,B,Wednesday,EE,2201
EE221,NA,B,Wednesday,EE,2202
EE221,NA,B,Wednesday,EE,3101
EE221,NA,B,Wednesday,EE,4101
EE221,NA,B,Monday,EE,2002
EE221,NA,B,Monday,EE,2201
EE221,NA,B,Monday,EE,2202
EE221,NA,B,Monday,EE,3101
EE221,NA,B,Monday,EE,4101
EE221,NA,D,Wednesday,EE,2002
EE221,NA,D,Wednesday,EE,2201
EE221,NA,D,Wednesday,EE,2202
EE221,NA,D,Wednesday,EE,3101
EE221,NA,D,Wednesday,EE,4101
EE503,NA,B,Monday,EE,3101
EE503,NA,A,Tuesday,EE,3101
EE503,NA,D,Friday,EE,3101
CE220,NA,B,Tuesday,CE,4201
CE220,NA,B,Wednesday,CE,4201
CE220,NA,B,Monday,CE,4201
CE606,NA,B,Tuesday,CE,3102
CE606,NA,B,Wednesday,CE,3102
CE606,NA,B,Monday,CE,3102
CE525,NA,B,Tuesday,CE,4208
CE525,NA,B,Wednesday,CE,4208
CE525,NA,B,Monday,CE,4208
CE612,NA,B,Tuesday,CE,4205
CE612,NA,B,Wednesday,CE,4205
CE612,NA,B,Monday,CE,4205
CE555,NA,B,Tuesday,CE,4211
CE555,NA,B,Monday,CE,4211
HS521,NA,D,Thursday,HS,1101
HS521,NA,B,Monday,HS,1101
HS521,NA,D,Friday,HS,1101
PH204,NA,B,Tuesday,PH,4206
PH204,NA,D,Thursday,PH,4206
PH204,NA,A,Wednesday,PH,4206
PH204,NA,B,Monday,PH,4206
PH404,NA,B,Tuesday,PH,4004
PH404,NA,B,Monday,PH,4004
PH404,NA,E,Wednesday,PH,4004
PH404,NA,E,Friday,PH,4004
ME222,NA,B,Tuesday,ME,1003
ME222,NA,B,Tuesday,ME,1005
ME222,NA,B,Wednesday,ME,1003
ME222,NA,B,Wednesday,ME,1005
ME222,NA,B,Monday,ME,1003
ME222,NA,B,Monday,ME,1005
ME662,NA,B,Tuesday,ME,1203
ME662,NA,A,Wednesday,ME,1203
ME662,NA,B,Monday,ME,1203
ME421,NA,B,Wednesday,ME,1G1
ME421,NA,B,Monday,ME,1G1
EE203,NA,C,Tuesday,EE,2201
EE203,NA,C,Monday,EE,2201
EE203,NA,A,Wednesday,EE,2201
EE664,NA,C,Tuesday,EE,3202
EE664,NA,C,Monday,EE,3202
EE664,NA,C,Friday,EE,3202
EE671,NA,C,Tuesday,EE,2101
EE671,NA,C,Monday,EE,2101
EE671,NA,C,Friday,EE,2101
CE206,NA,C,Tuesday,CE,4201
CE206,NA,C,Monday,CE,4201
CE206,NA,C,Friday,CE,4201
CE505,NA,C,Tuesday,CE,3102
CE505,NA,C,Monday,CE,3102
CE505,NA,C,Friday,CE,3102
CE646,NA,C,Tuesday,CE,4205
CE646,NA,C,Tuesday,CE,4208
CE646,NA,C,Tuesday,CE,4211
CE646,NA,C,Monday,CE,4205
CE646,NA,C,Monday,CE,4208
CE646,NA,C,Monday,CE,4211
CE646,NA,C,Friday,CE,4205
CE646,NA,C,Friday,CE,4208
CE646,NA,C,Friday,CE,4211
CE584,NA,E,Thursday,CE,4205
CE584,NA,E,Thursday,CE,4211
CE584,NA,C,Monday,CE,4205
CE584,NA,C,Monday,CE,4211
CE584,NA,A,Wednesday,CE,4205
CE584,NA,A,Wednesday,CE,4211
CE552,NA,C,Tuesday,CE,4G3
CE552,NA,C,Monday,CE,4G3
CE552,NA,C,Friday,CE,4G3
CE616,NA,C,Tuesday,CE,4001
CE616,NA,C,Monday,CE,4001
CE616,NA,C,Friday,CE,4001
HS503,NA,C,Tuesday,HS,1102
HS503,NA,F,Wednesday,HS,1102
HS503,NA,C,Monday,HS,1102
PH443,NA,C,Tuesday,PH,4206
PH443,NA,C,Monday,PH,4206
PH443,NA,C,Friday,PH,4206
PH304,NA,C,Tuesday,PH,4003
PH304,NA,C,Monday,PH,4003
PH304,NA,E,Thursday,PH,4003
PH406,NA,C,Friday,PH,4004
PH406,NA,C,Monday,PH,4004
PH406,NA,B,Wednesday,PH,4004
PH406,NA,D,Thursday,PH,4004
PH532,NA,C,Monday,PH,4212
PH532,NA,C,Friday,PH,4212
PH532,NA,A,Thursday,PH,4212
PH706,NA,D1,Thursday,PH,4004
PH706,NA,D,Monday,PH,4004
PH706,NA,E1,Wednesday,PH,4004
PH706,NA,C,Monday,PH,4004
PH706,NA,C1,Friday,PH,4004
ME223,NA,C,Tuesday,ME,1003
ME223,NA,C,Tuesday,ME,1005
ME223,NA,C,Monday,ME,1003
ME223,NA,C,Monday,ME,1005
ME223,NA,C,Friday,ME,1003
ME223,NA,C,Friday,ME,1005
ME513,NA,C,Monday,ME,1004
ME513,NA,B,Wednesday,ME,1004
ME513,NA,A,Tuesday,ME,1004
EE636,NA,B,Tuesday,EE,2202
EE636,NA,D,Monday,EE,2202
EE636,NA,D,Friday,EE,2202
EE663,NA,B,Tuesday,EE,3101
EE663,NA,B,Tuesday,EE,2002
EE663,NA,C,Thursday,EE,3101
EE663,NA,C,Thursday,EE,2002
EE663,NA,D,Monday,EE,3101
EE663,NA,D,Monday,EE,2002
EE652,NA,A,Thursday,EE,2202
EE652,NA,A,Thursday,EE,4101
EE652,NA,C,Tuesday,EE,2202
EE652,NA,C,Tuesday,EE,4101
EE652,NA,D,Monday,EE,2202
EE652,NA,D,Monday,EE,4101
CE205,NA,D,Thursday,CE,4201
CE205,NA,D,Monday,CE,4201
CE205,NA,D,Friday,CE,4201
CE643,NA,D,Thursday,CE,3102
CE643,NA,D,Monday,CE,3102
CE643,NA,D,Friday,CE,3102
CE510,NA,D,Thursday,CE,4208
CE510,NA,D,Monday,CE,4208
CE510,NA,D,Friday,CE,4208
CE583,NA,C,Tuesday,CE,4205
CE583,NA,D,Monday,CE,4205
CE583,NA,E,Wednesday,CE,4205
RT515,NA,B,Wednesday,RT,1206
RT515,NA,D,Monday,RT,1206
RT515,NA,D,Friday,RT,1206
HS604,NA,H,Tuesday,HS,1101
HS604,NA,D,Monday,HS,1101
HS604,NA,F,Friday,HS,1101
PH202,NA,D,Wednesday,PH,4206
PH202,NA,A,Thursday,PH,4206
PH202,NA,D,Monday,PH,4206
PH202,NA,D,Friday,PH,4206
PH306,NA,D,Thursday,PH,4003
PH306,NA,A,Wednesday,PH,4003
PH306,NA,D,Monday,PH,4003
PH410,NA,D,Wednesday,PH,4004
PH410,NA,E,Thursday,PH,4004
PH410,NA,D,Monday,PH,4004
PH410,NA,D,Friday,PH,4004
PH523,NA,B,Tuesday,PH,4212
PH523,NA,E,Thursday,PH,4212
PH523,NA,D,Monday,PH,4212
ME224,NA,D,Thursday,ME,1003
ME224,NA,D,Thursday,ME,1005
ME224,NA,D,Monday,ME,1003
ME224,NA,D,Monday,ME,1005
ME224,NA,D,Friday,ME,1003
ME224,NA,D,Friday,ME,1005
ME691,NA,C,Tuesday,ME,1004
ME691,NA,D,Thursday,ME,1004
ME691,NA,D,Monday,ME,1004
ME532,NA,C,Tuesday,ME,1203
ME532,NA,D,Thursday,ME,1203
ME532,NA,D,Monday,ME,1203
EE213M,NA,F,Wednesday,EE,2002
EE213M,NA,F,Monday,EE,2002
EE213M,NA,F,Friday,EE,2002
EE534,NA,A,Tuesday,EE,2202
EE534,NA,F,Monday,EE,2202
EE534,NA,E,Wednesday,EE,2202
EE561,NA,F,Wednesday,EE,3101
EE561,NA,F,Monday,EE,3101
EE561,NA,E,Friday,EE,3101
CE307,NA,F,Wednesday,CE,3102
CE307,NA,F,Wednesday,CE,4201
CE307,NA,F,Friday,CE,3102
CE307,NA,F,Friday,CE,4201
CE307,NA,F,Monday,CE,3102
CE307,NA,F,Monday,CE,4201
CE307,NA,H,Thursday,CE,3102
CE307,NA,H,Thursday,CE,4201
CE570,NA,F,Wednesday,CE,4205
CE570,NA,F,Wednesday,CE,4208
CE570,NA,H,Tuesday,CE,4205
CE570,NA,H,Tuesday,CE,4208
CE570,NA,F,Monday,CE,4205
CE570,NA,F,Monday,CE,4208
CE615,NA,F,Wednesday,CE,4205
CE615,NA,F,Wednesday,CE,4211
CE615,NA,F,Monday,CE,4205
CE615,NA,F,Monday,CE,4211
CE615,NA,H,Thursday,CE,4205
CE615,NA,H,Thursday,CE,4211
HS512,NA,C1,Tuesday,HS,1101
HS512,NA,B1,Wednesday,HS,1101
HS512,NA,F,Monday,HS,1101
ME618,NA,C,Thursday,ME,1003
ME618,NA,F,Monday,ME,1003
ME618,NA,E,Wednesday,ME,1003
ME619,NA,C,Thursday,ME,1005
ME619,NA,F,Monday,ME,1005
ME514,NA,C,Thursday,ME,1004
ME514,NA,F,Monday,ME,1004
ME514,NA,E,Wednesday,ME,1004
ME613,NA,C,Thursday,ME,1203
ME613,NA,F,Monday,ME,1203
ME613,NA,E,Wednesday,ME,1203
EE322M,NA,G,Friday,EE,2201
EE322M,NA,G,Wednesday,EE,2201
EE322M,NA,G,Monday,EE,2201
PH382M,NA,G,Friday,PH,4004
PH382M,NA,G,Wednesday,PH,4004
PH382M,NA,G,Monday,PH,4004
ME321M,NA,G,Friday,ME,1003
ME321M,NA,G,Wednesday,ME,1003
ME321M,NA,G,Monday,ME,1003
EE648,NA,D1,Monday,EE,2002
EE648,NA,D1,Thursday,EE,2002
EE648,NA,D1,Friday,EE,2002
EE351,NA,D1,Monday,EE,2202
EE351,NA,D1,Thursday,EE,2202
EE351,NA,D1,Friday,EE,2202
EE645,NA,D1,Monday,EE,3101
EE645,NA,D1,Thursday,EE,3101
EE645,NA,D1,Friday,EE,3101
EE631,NA,D1,Monday,EE,4101
EE631,NA,A1,Thursday,EE,4101
EE631,NA,D1,Friday,EE,4101
CE308,NA,C1,Tuesday,CE,4201
CE308,NA,D1,Monday,CE,4201
CE308,NA,C1,Friday,CE,4201
CE623,NA,D1,Friday,CE,4208
CE623,NA,D1,Friday,CE,3102
CE623,NA,D1,Monday,CE,4208
CE623,NA,D1,Monday,CE,3102
CE623,NA,E1,Wednesday,CE,4208
CE623,NA,E1,Wednesday,CE,3102
CE595,NA,D1,Monday,CE,4208
CE595,NA,D1,Friday,CE,4208
RT517,NA,D1,Monday,RT,1206
RT517,NA,D1,Thursday,RT,1206
RT517,NA,A1,Wednesday,RT,1206
RT517,NA,E1,Wednesday,RT,1206
HS622,NA,D1,Monday,HS,1101
HS622,NA,C,Thursday,HS,1101
HS622,NA,B,Friday,HS,1101
ME323,NA,D1,Monday,ME,1003
ME323,NA,D1,Monday,ME,1005
ME323,NA,D1,Thursday,ME,1003
ME323,NA,D1,Thursday,ME,1005
ME323,NA,D1,Wednesday,ME,1003
ME323,NA,D1,Wednesday,ME,1005
EE668,NA,C1,Tuesday,EE,2002
EE668,NA,C1,Monday,EE,2002
EE668,NA,C1,Friday,EE,2002
EE340,NA,C1,Tuesday,EE,2201
EE340,NA,C1,Monday,EE,2201
EE340,NA,C1,Friday,EE,2201
EE634,NA,C1,Tuesday,EE,4101
EE634,NA,C1,Monday,EE,4101
EE634,NA,C1,Friday,EE,4101
CE607,NA,C1,Tuesday,CE,3102
CE607,NA,C1,Monday,CE,3102
CE607,NA,C1,Friday,CE,3102
CE664,NA,C1,Tuesday,CE,4208
CE664,NA,C1,Monday,CE,4208
CE664,NA,C1,Friday,CE,4208
CE614,NA,C1,Tuesday,CE,4211
CE614,NA,C1,Monday,CE,4211
CE614,NA,C1,Friday,CE,4211
PH462,NA,B1,Tuesday,PH,4003
PH462,NA,A1,Wednesday,PH,4003
PH462,NA,C1,Monday,PH,4003
PH702,NA,E1,Friday,PH,4004
PH702,NA,A1,Wednesday,PH,4004
PH702,NA,C1,Monday,PH,4004
ME324,NA,C1,Tuesday,ME,1003
ME324,NA,C1,Tuesday,ME,1005
ME324,NA,C1,Thursday,ME,1003
ME324,NA,C1,Thursday,ME,1005
ME324,NA,C1,Monday,ME,1003
ME324,NA,C1,Monday,ME,1005
ME324,NA,C1,Friday,ME,1003
ME324,NA,C1,Friday,ME,1005
EE667,NA,B1,Wednesday,EE,2002
EE667,NA,B1,Tuesday,EE,2002
EE667,NA,B1,Monday,EE,2002
EE360,NA,B1,Wednesday,EE,2201
EE360,NA,B1,Tuesday,EE,2201
EE360,NA,B1,Monday,EE,2201
EE621,NA,B1,Wednesday,EE,3101
EE621,NA,B1,Tuesday,EE,3101
EE621,NA,B1,Monday,EE,3101
EE653,NA,B1,Wednesday,EE,4101
EE653,NA,B1,Tuesday,EE,4101
EE653,NA,B1,Monday,EE,4101
CE564,NA,B1,Wednesday,CE,3102
CE564,NA,B1,Tuesday,CE,3102
CE564,NA,B1,Monday,CE,3102
CE628,NA,B1,Wednesday,CE,4208
CE628,NA,B1,Tuesday,CE,4208
CE628,NA,B1,Monday,CE,4208
RT520,NA,B1,Wednesday,RT,1206
RT520,NA,E1,Tuesday,RT,1206
RT520,NA,A1,Thursday,RT,1206
RT520,NA,B1,Monday,RT,1206
RT520,NA,A1,Monday,RT,1206
PH414,NA,D1,Thursday,PH,4003
PH414,NA,B1,Wednesday,PH,4003
PH414,NA,B1,Monday,PH,4003
PH703,NA,A1,Tuesday,PH,4004
PH703,NA,C1,Thursday,PH,4004
PH703,NA,B1,Monday,PH,4004
ME322,NA,B1,Tuesday,ME,1003
ME322,NA,B1,Tuesday,ME,1005
ME322,NA,B1,Monday,ME,1003
ME322,NA,B1,Monday,ME,1005
CE311,NA,E1,Tuesday,CE,4201
CE311,NA,E1,Thursday,CE,4201
CE311,NA,A1,Monday,CE,4201
CE311,NA,E1,Wednesday,CE,4201
CE652,NA,C1,Thursday,CE,3102
CE652,NA,E1,Friday,CE,3102
CE652,NA,A1,Monday,CE,3102
ME321,NA,A1,Tuesday,ME,1003
ME321,NA,A1,Tuesday,ME,1005
ME321,NA,A1,Thursday,ME,1003
ME321,NA,A1,Thursday,ME,1005
ME321,NA,A1,Monday,ME,1003
ME321,NA,A1,Monday,ME,1005
ME522,NA,D1,Wednesday,ME,1G2
ME522,NA,E1,Tuesday,ME,1G2
ME522,NA,C1,Thursday,ME,1G2
ME522,NA,A1,Monday,ME,1G2
ME522,NA,B1,Friday,ME,1G2
PH516,NA,K,Wednesday,PH,4212
PH516,NA,K,Monday,PH,4212
EE626,NA,E,Tuesday,EE,2201
EE626,NA,C,Thursday,EE,2201
EE626,NA,B,Friday,EE,2201
EE333,NA,E,Tuesday,EE,3101
EE333,NA,C,Thursday,EE,3101
EE333,NA,B,Friday,EE,3101
EE580,NA,E,Tuesday,EE,4101
EE580,NA,C,Thursday,EE,4101
EE580,NA,B,Friday,EE,4101
HS623,NA,E,Tuesday,HS,1101
HS623,NA,A1,Thursday,HS,1101
HS623,NA,C,Friday,HS,1101
EE270,NA,A,Thursday,EE,2201
EE270,NA,C,Friday,EE,2201
EE270,NA,A,Tuesday,EE,2201
EE551,NA,E,Thursday,EE,2202
EE551,NA,E,Thursday,EE,4101
EE551,NA,C,Friday,EE,2202
EE551,NA,C,Friday,EE,4101
EE551,NA,A,Tuesday,EE,2202
EE551,NA,A,Tuesday,EE,4101
CE201,NA,A,Thursday,CE,4201
CE201,NA,A,Wednesday,CE,4201
CE201,NA,A,Tuesday,CE,4201
CE504,NA,A,Thursday,CE,3102
CE504,NA,A,Wednesday,CE,3102
CE504,NA,A,Tuesday,CE,3102
CE524,NA,A,Thursday,CE,4208
CE524,NA,A,Wednesday,CE,4208
CE524,NA,A,Tuesday,CE,4208
CE524,NA,F,Friday,CE,4208
CE533,NA,A,Thursday,CE,4205
CE533,NA,A,Wednesday,CE,4205
CE533,NA,A,Tuesday,CE,4205
CE533,NA,F,Friday,CE,4205
HS505,NA,A,Thursday,HS,1102
HS505,NA,A,Wednesday,HS,1102
HS505,NA,A,Tuesday,HS,1102
PH206,NA,C,Thursday,PH,4206
PH206,NA,B,Wednesday,PH,4206
PH206,NA,A,Tuesday,PH,4206
PH308,NA,B,Wednesday,PH,4003
PH308,NA,A,Tuesday,PH,4003
PH308,NA,D,Friday,PH,4003
PH308,NA,E,Friday,PH,4003
PH408,NA,A,Thursday,PH,4004
PH408,NA,A,Tuesday,PH,4004
PH408,NA,D1,Friday,PH,4004
PH527,NA,C,Thursday,PH,4212
PH527,NA,A,Wednesday,PH,4212
PH527,NA,A,Tuesday,PH,4212
ME221,NA,A,Thursday,ME,1003
ME221,NA,A,Thursday,ME,1005
ME221,NA,A,Wednesday,ME,1003
ME221,NA,A,Wednesday,ME,1005
ME221,NA,A,Tuesday,ME,1003
ME221,NA,A,Tuesday,ME,1005
ME326,NA,B,Tuesday,ME,xxxx
ME326,NA,C,Tuesday,ME,xxxx
ME326,NA,A,Tuesday,ME,xxxx
HS502,NA,B,Tuesday,HS,1101
HS502,NA,B,Wednesday,HS,1101
HS502,NA,H,Thursday,HS,1101
PH302,NA,B,Tuesday,PH,4003
PH302,NA,A,Thursday,PH,4003
PH302,NA,E,Wednesday,PH,4003
CE661,NA,C,Tuesday,CE,4208
CE661,NA,H,Tuesday,CE,4208
CE661,NA,C,Friday,CE,4208
CE661,NA,H,Thursday,CE,4208
PH402,NA,C,Thursday,PH,4004
PH402,NA,C,Tuesday,PH,4004
PH402,NA,A,Wednesday,PH,4004
PH543,NA,C,Tuesday,PH,4212
PH543,NA,E1,Thursday,PH,4212
PH543,NA,C1,Friday,PH,4212
EE533,NA,H,Tuesday,EE,2202
EE533,NA,B,Wednesday,EE,2202
EE533,NA,E,Friday,EE,2202
CE222,NA,H,Tuesday,CE,4201
CE222,NA,B,Friday,CE,4201
CE222,NA,H,Thursday,CE,4201
RT514,NA,H,Tuesday,RT,1206
RT514,NA,B1,Tuesday,RT,1206
RT514,NA,H,Thursday,RT,1206
ME605,NA,E,Thursday,ME,1G2
ME605,NA,E,Thursday,ME,1005
ME605,NA,H,Tuesday,ME,1G2
ME605,NA,H,Tuesday,ME,1005
ME605,NA,E,Friday,ME,1G2
ME605,NA,E,Friday,ME,1005
PH521,NA,C1,Tuesday,PH,4004
PH521,NA,C1,Tuesday,PH,4212
PH521,NA,B,Wednesday,PH,4004
PH521,NA,B,Wednesday,PH,4212
PH521,NA,E,Friday,PH,4004
PH521,NA,E,Friday,PH,4212
CE309,NA,D1,Friday,CE,4201
CE309,NA,D1,Wednesday,CE,4201
CE309,NA,B1,Tuesday,CE,4201
CE309,NA,D1,Thursday,CE,4201
PH704,NA,B1,Wednesday,PH,4004
PH704,NA,B1,Tuesday,PH,4004
PH704,NA,D1,Friday,PH,4004
PH531,NA,D,Wednesday,PH,4004
PH531,NA,D,Wednesday,PH,4212
PH531,NA,A1,Thursday,PH,4004
PH531,NA,A1,Thursday,PH,4212
PH531,NA,B1,Tuesday,PH,4004
PH531,NA,B1,Tuesday,PH,4212
EE337,NA,A1,Tuesday,EE,2201
EE337,NA,A1,Thursday,EE,2201
EE337,NA,A1,Wednesday,EE,2201
EE385,NA,A1,Tuesday,EE,2202
EE385,NA,A1,Thursday,EE,2202
EE385,NA,A1,Wednesday,EE,2202
EE625,NA,A1,Tuesday,EE,3101
EE625,NA,A1,Thursday,EE,3101
EE625,NA,A1,Wednesday,EE,3101
EE673,NA,A1,Tuesday,EE,4101
EE673,NA,D1,Thursday,EE,4101
EE673,NA,A1,Wednesday,EE,4101
CE304,NA,A1,Tuesday,CE,4211
CE304,NA,A1,Tuesday,CE,4201
CE304,NA,A1,Thursday,CE,4211
CE304,NA,A1,Thursday,CE,4201
CE304,NA,B,Wednesday,CE,4211
CE304,NA,B,Wednesday,CE,4201
CE514,NA,A1,Tuesday,CE,3102
CE514,NA,A1,Thursday,CE,3102
CE514,NA,A1,Wednesday,CE,3102
CE556,NA,A1,Tuesday,CE,4208
CE556,NA,A1,Thursday,CE,4208
CE556,NA,A1,Wednesday,CE,4208
CE594,NA,A1,Tuesday,CE,4211
CE594,NA,A1,Thursday,CE,4211
CE594,NA,A1,Wednesday,CE,4211
PH544,NA,D1,Friday,PH,4004
PH544,NA,D1,Friday,PH,4212
PH544,NA,A1,Tuesday,PH,4004
PH544,NA,A1,Tuesday,PH,4212
PH544,NA,C1,Thursday,PH,4004
PH544,NA,C1,Thursday,PH,4212
ME672,NA,E,Thursday,ME,1203
ME672,NA,A1,Tuesday,ME,1203
ME672,NA,E,Friday,ME,1203
CE649,NA,E1,Tuesday,CE,3102
CE649,NA,E1,Thursday,CE,3102
CE649,NA,E1,Wednesday,CE,3102
PH545,NA,E1,Tuesday,PH,4004
PH545,NA,E1,Tuesday,PH,4212
PH545,NA,D1,Thursday,PH,4004
PH545,NA,D1,Thursday,PH,4212
PH545,NA,E1,Friday,PH,4004
PH545,NA,E1,Friday,PH,4212
ME325,NA,E1,Tuesday,ME,1003
ME325,NA,E1,Tuesday,ME,1005
ME325,NA,E1,Thursday,ME,1003
ME325,NA,E1,Thursday,ME,1005
ME325,NA,E1,Wednesday,ME,1003
ME325,NA,E1,Wednesday,ME,1005
CE648,NA,E,Thursday,CE,4201
CE648,NA,E,Wednesday,CE,4201
CE648,NA,E,Friday,CE,4201
CE608,NA,E,Thursday,CE,3102
CE608,NA,E,Wednesday,CE,3102
CE608,NA,E,Friday,CE,3102
HS517,NA,E,Thursday,HS,1102
HS517,NA,E,Wednesday,HS,1102
HS517,NA,E,Friday,HS,1102
PH524,NA,D,Friday,PH,4212
PH524,NA,D,Thursday,PH,4212
PH524,NA,E,Wednesday,PH,4212
EE642,NA,F,Wednesday,EE,2201
EE642,NA,F,Friday,EE,2201
EE642,NA,H,Thursday,EE,2201
ME607,NA,F,Wednesday,ME,1003
ME607,NA,F,Friday,ME,1003
ME607,NA,H,Thursday,ME,1003
ME680,NA,F,Wednesday,ME,1005
ME680,NA,F,Friday,ME,1005
ME680,NA,H,Thursday,ME,1005
ME554,NA,F,Wednesday,ME,1203
ME554,NA,F,Friday,ME,1203
ME554,NA,H,Thursday,ME,1203
ME616,NA,E1,Thursday,ME,1004
ME616,NA,A1,Wednesday,ME,1004
ME616,NA,D1,Friday,ME,1004
ME665,NA,E1,Thursday,ME,1203
ME665,NA,A1,Wednesday,ME,1203
ME665,NA,D1,Friday,ME,1203
EE647,NA,E1,Thursday,EE,2002
EE647,NA,E1,Friday,EE,2002
EE647,NA,E1,Wednesday,EE,2002
EE657,NA,E1,Thursday,EE,L1
EE657,NA,E1,Friday,EE,L1
EE657,NA,E1,Wednesday,EE,L1
EE632,NA,E1,Thursday,EE,2202
EE632,NA,E1,Friday,EE,2202
EE632,NA,E1,Wednesday,EE,2202
EE646,NA,E1,Thursday,EE,4101
EE646,NA,E1,Friday,EE,4101
EE646,NA,E1,Wednesday,EE,4101
PH446,NA,E1,Thursday,PH,4003
PH446,NA,E1,Friday,PH,4003
PH446,NA,E1,Wednesday,PH,4003
ME553,NA,C1,Friday,ME,1004
ME553,NA,D1,Thursday,ME,1004
ME553,NA,E1,Wednesday,ME,1004
ME670,NA,C1,Friday,ME,1203
ME670,NA,D1,Thursday,ME,1203
ME670,NA,E1,Wednesday,ME,1203
PH320,NA,K,Wednesday,PH,4003
PH320,NA,C1,Thursday,PH,4003
CE402,NA,H,Thursday,CE,4211
